-- 1. USERS
INSERT INTO "User" (id, "firebaseUid", phone, role, "createdAt", "updatedAt") VALUES
('9d8dd6cd-9344-449e-bd5c-b582bc87a6b7', 'hAAPC5J89DVtjx2FC7nBSl8YVGo2', '+16505551235', 'seeker', '2025-09-26 01:20:34.839', '2025-09-26 01:20:34.839'),
('fe2bbc80-f561-48e8-96ea-4586e682fbd0', 'CDFQOYIk2Yak2PxtVhvyo4rOBaU2', '+16505551234', 'both', '2025-09-25 22:07:42.835', '2025-09-25 22:07:42.835'),
('fe2bbc80-f561-48e8-96ea-4586e682fbd1', 'kFnsleP49ehLf1BNDhnkJT12Fjl1', '+16505551236', 'both', '2025-09-25 22:07:42.835', '2025-09-25 22:07:42.835'),
('fe2bbc80-f561-48e8-96ea-4586e682fbd2', 'uMFicUsJt2aAeY5phc1tDUiLIla2', '+16505551237', 'both', '2025-09-25 22:07:42.835', '2025-09-25 22:07:42.835'),
('fe2bbc80-f561-48e8-96ea-4586e682fbd3', 'AFWA74jMsQV9csweUOQ1vlvGEDH3', '+16505551238', 'both', '2025-09-25 22:07:42.835', '2025-09-25 22:07:42.835'),
('fe2bbc80-f561-48e8-96ea-4586e682fbd4', 'W0NiuN2mSWYKz38sC9Pco7OxUq93', '+16505551239', 'both', '2025-09-25 22:07:42.835', '2025-09-25 22:07:42.835');

-- 2. CATEGORIES
INSERT INTO "Category" (id, name_es, name_en, slug_es, slug_en, parent_id) VALUES
(1, 'Hogar', 'Home', 'hogar', 'home', NULL),
(4, 'Jardinería', 'Gardening', 'jardineria', 'gardening', NULL),
(5, 'Educación', 'Education', 'educacion', 'education', NULL),
(7, 'Tecnología', 'Technology', 'tecnologia', 'technology', NULL),
(9, 'Salud', 'Health', 'salud', 'health', NULL),
(2, 'Plomería', 'Plumbing', 'plomeria', 'plumbing', 1),
(3, 'Electricidad', 'Electricity', 'electricidad', 'electricity', 1),
(6, 'Clases Particulares', 'Private Lessons', 'clases-particulares', 'private-lessons', 5),
(8, 'Reparación Computadoras', 'Computer Repair', 'reparacion-computadoras', 'computer-repair', 7),
(10, 'Bienestar', 'Wellness', 'bienestar', 'wellness', 9);

-- 3. MEDIA LINKS
INSERT INTO "MediaLink" (media_id, owner_type, owner_id, created_at) VALUES
('052cfdb7-dc04-4ef0-9ec3-13e8c40f2c75', 'profile', 'fe2bbc80-f561-48e8-96ea-4586e682fbd4', '2025-09-28 00:29:35.575'),
('052cfdb7-dc04-4ef0-9ec3-13e8c40f2c76', 'profile', 'fe2bbc80-f561-48e8-96ea-4586e682fbd3', '2025-09-28 00:29:35.575'),
('052cfdb7-dc04-4ef0-9ec3-13e8c40f2c77', 'profile', 'fe2bbc80-f561-48e8-96ea-4586e682fbd2', '2025-09-28 00:29:35.575'),
('052cfdb7-dc04-4ef0-9ec3-13e8c40f2c78', 'profile', 'fe2bbc80-f561-48e8-96ea-4586e682fbd1', '2025-09-28 00:29:35.575'),
('052cfdb7-dc04-4ef0-9ec3-13e8c40f2c79', 'profile', 'fe2bbc80-f561-48e8-96ea-4586e682fbd0', '2025-09-28 00:29:35.575'),
('052cfdb7-dc04-4ef0-9ec3-13e8c40f2c80', 'service', '1c609e03-64eb-4306-948d-4d28e73ab50a', '2025-09-28 00:29:35.575'),
('052cfdb7-dc04-4ef0-9ec3-13e8c40f2c81', 'service', '1c609e03-64eb-4306-948d-4d28e73ab50b', '2025-09-28 00:29:35.575'),
('052cfdb7-dc04-4ef0-9ec3-13e8c40f2c82', 'service', '1c609e03-64eb-4306-948d-4d28e73ab50d', '2025-09-28 00:29:35.575'),
('052cfdb7-dc04-4ef0-9ec3-13e8c40f2c83', 'service', '1c609e03-64eb-4306-948d-4d28e73ab50f', '2025-09-28 00:29:35.575'),
('873cc777-f464-4b31-8b5f-081ae63a9a51', 'service', '66cc01a2-eef9-4eb1-a8e2-c7dfcc198e52', '2025-09-28 00:29:35.575'),
('87d9c3ab-0bbc-40b3-89af-4bb41cb5892b', 'service', 'fb48b9d6-aef0-421e-bf06-3e052bdba61b', '2025-09-28 00:29:35.575'),
('8d3186ce-f04b-4178-ba31-f9f47b923805', 'service', '1c609e03-64eb-4306-948d-4d28e73ab50c', '2025-09-28 00:29:35.575'),
('dbbcd9e2-2bff-4a19-a4d0-ec014e602b6b', 'profile', '9d8dd6cd-9344-449e-bd5c-b582bc87a6b7', '2025-09-28 00:29:35.575');

-- 4. PROFILES
INSERT INTO "Profile" (user_id, name, email, phone, location_city, address, media_link_id, created_at, updated_at) VALUES
('9d8dd6cd-9344-449e-bd5c-b582bc87a6b7', 'Darius Robinson', 'dariusrobinson@gmail.com', '+16505551235', 'Miami', 'Mi dirección', 'dbbcd9e2-2bff-4a19-a4d0-ec014e602b6b', '2025-09-25 22:13:38.383', '2025-09-25 22:13:38.383'),
('fe2bbc80-f561-48e8-96ea-4586e682fbd0', 'Alberto Lopez', 'ajcnazar@gmail.com', '+16505551234', 'Miami', 'Mi dirección', '052cfdb7-dc04-4ef0-9ec3-13e8c40f2c79', '2025-09-25 22:13:38.383', '2025-09-25 22:13:38.383'),
('fe2bbc80-f561-48e8-96ea-4586e682fbd1', 'Juan Pérez', 'ajcnazar1@gmail.com', '+16505551236', 'Miami', 'Mi dirección 1', '052cfdb7-dc04-4ef0-9ec3-13e8c40f2c78', '2025-09-25 22:13:38.383', '2025-09-25 22:13:38.383'),
('fe2bbc80-f561-48e8-96ea-4586e682fbd2', 'María García', 'ajcnazar2@gmail.com', '+16505551237', 'Miami', 'Mi dirección 2', '052cfdb7-dc04-4ef0-9ec3-13e8c40f2c77', '2025-09-25 22:13:38.383', '2025-09-25 22:13:38.383'),
('fe2bbc80-f561-48e8-96ea-4586e682fbd3', 'Ana Martínez', 'ajcnazar3@gmail.com', '+16505551238', 'Miami', 'Mi dirección 3', '052cfdb7-dc04-4ef0-9ec3-13e8c40f2c76', '2025-09-25 22:13:38.383', '2025-09-25 22:13:38.383'),
('fe2bbc80-f561-48e8-96ea-4586e682fbd4', 'Diego Rodríguez', 'ajcnazar4@gmail.com', '+16505551239', 'Miami', 'Mi dirección 4', '052cfdb7-dc04-4ef0-9ec3-13e8c40f2c75', '2025-09-25 22:13:38.383', '2025-09-25 22:13:38.383');

-- 5. USER CATEGORIES
INSERT INTO "UserCategory" ("userId", "categoryId") VALUES
('9d8dd6cd-9344-449e-bd5c-b582bc87a6b7', 1),
('9d8dd6cd-9344-449e-bd5c-b582bc87a6b7', 2),
('9d8dd6cd-9344-449e-bd5c-b582bc87a6b7', 3),
('9d8dd6cd-9344-449e-bd5c-b582bc87a6b7', 4),
('fe2bbc80-f561-48e8-96ea-4586e682fbd0', 1);

-- 6. SERVICES
INSERT INTO "Service" (id, user_id, title, description, base_price_cents, location_city, media_link_id, currency, status, created_at, updated_at) VALUES
('1c609e03-64eb-4306-948d-4d28e73ab50c', 'fe2bbc80-f561-48e8-96ea-4586e682fbd0', 'Servicio 01', 'Descripción del servicio', 30, 'Miami', '8d3186ce-f04b-4178-ba31-f9f47b923805', 'USD', 'published', '2025-09-28 01:16:21.553', '2025-09-28 01:16:21.553'),
('66cc01a2-eef9-4eb1-a8e2-c7dfcc198e52', 'fe2bbc80-f561-48e8-96ea-4586e682fbd0', 'Servicio 02', 'Descripción del servicio de plomería', 33, 'Miami', '873cc777-f464-4b31-8b5f-081ae63a9a51', 'USD', 'published', '2025-09-28 01:16:21.553', '2025-09-28 01:16:21.553'),
('1c609e03-64eb-4306-948d-4d28e73ab50a', 'fe2bbc80-f561-48e8-96ea-4586e682fbd1', 'Servicio 03', 'Descripción del servicio 3', 30, 'Miami', '052cfdb7-dc04-4ef0-9ec3-13e8c40f2c80', 'USD', 'published', '2025-09-28 01:16:21.553', '2025-09-28 01:16:21.553'),
('1c609e03-64eb-4306-948d-4d28e73ab50b', 'fe2bbc80-f561-48e8-96ea-4586e682fbd2', 'Servicio 04', 'Descripción del servicio 4', 30, 'Miami', '052cfdb7-dc04-4ef0-9ec3-13e8c40f2c81', 'USD', 'published', '2025-09-28 01:16:21.553', '2025-09-28 01:16:21.553'),
('1c609e03-64eb-4306-948d-4d28e73ab50d', 'fe2bbc80-f561-48e8-96ea-4586e682fbd3', 'Servicio 05', 'Descripción del servicio 5', 30, 'Miami', '052cfdb7-dc04-4ef0-9ec3-13e8c40f2c82', 'USD', 'published', '2025-09-28 01:16:21.553', '2025-09-28 01:16:21.553'),
('1c609e03-64eb-4306-948d-4d28e73ab50f', 'fe2bbc80-f561-48e8-96ea-4586e682fbd4', 'Servicio 06', 'Descripción del servicio 6', 30, 'Miami', '052cfdb7-dc04-4ef0-9ec3-13e8c40f2c83', 'USD', 'published', '2025-09-28 01:16:21.553', '2025-09-28 01:16:21.553');

-- 7. SERVICE CATEGORIES
INSERT INTO "ServiceCategory" (service_id, category_id) VALUES
('1c609e03-64eb-4306-948d-4d28e73ab50a', 3),
('1c609e03-64eb-4306-948d-4d28e73ab50b', 4),
('1c609e03-64eb-4306-948d-4d28e73ab50c', 1),
('1c609e03-64eb-4306-948d-4d28e73ab50d', 6),
('1c609e03-64eb-4306-948d-4d28e73ab50f', 8),
('66cc01a2-eef9-4eb1-a8e2-c7dfcc198e52', 2);

-- 8. MEDIA FILES
INSERT INTO "MediaFile" (id, uploaded_by, kind, provider, provider_ref, url, type_variant, link_id, position, created_at) VALUES
('0259e511-2c5d-4fdb-b66c-121c62670911', 'fe2bbc80-f561-48e8-96ea-4586e682fbd4', 'image', 'cloudflare_images', '83788e7a-eca7-497d-ff0d-f862e5d78600', 'https://imagedelivery.net/uusH4IRLf6yhlCMhPld_6A/83788e7a-eca7-497d-ff0d-f862e5d78600/public', 'public', '052cfdb7-dc04-4ef0-9ec3-13e8c40f2c83', 0, '2025-09-28 01:36:18.726'),
('0259e511-2c5d-4fdb-b66c-121c62670a22', 'fe2bbc80-f561-48e8-96ea-4586e682fbd1', 'image', 'cloudflare_images', 'd5dcb62a-5253-44c4-a1fe-94796a345500', 'https://imagedelivery.net/uusH4IRLf6yhlCMhPld_6A/d5dcb62a-5253-44c4-a1fe-94796a345500/public', 'public', '052cfdb7-dc04-4ef0-9ec3-13e8c40f2c80', 1, '2025-09-28 01:36:18.726'),
('0259e511-2c5d-4fdb-b66c-121c62670a32', 'fe2bbc80-f561-48e8-96ea-4586e682fbd2', 'image', 'cloudflare_images', '689585c3-565c-446a-f5b6-b43afac59800', 'https://imagedelivery.net/uusH4IRLf6yhlCMhPld_6A/689585c3-565c-446a-f5b6-b43afac59800/public', 'public', '052cfdb7-dc04-4ef0-9ec3-13e8c40f2c77', 0, '2025-09-28 01:36:18.726'),
('0259e511-2c5d-4fdb-b66c-121c62670a33', 'fe2bbc80-f561-48e8-96ea-4586e682fbd1', 'image', 'cloudflare_images', 'f17af5cb-5046-410f-2240-09d1beae3200', 'https://imagedelivery.net/uusH4IRLf6yhlCMhPld_6A/f17af5cb-5046-410f-2240-09d1beae3200/public', 'public', '052cfdb7-dc04-4ef0-9ec3-13e8c40f2c78', 0, '2025-09-28 01:36:18.726'),
('0259e511-2c5d-4fdb-b66c-121c62670a37', 'fe2bbc80-f561-48e8-96ea-4586e682fbd3', 'image', 'cloudflare_images', 'b5c63199-667b-4188-2ee1-c25dd0dc8900', 'https://imagedelivery.net/uusH4IRLf6yhlCMhPld_6A/b5c63199-667b-4188-2ee1-c25dd0dc8900/public', 'public', '052cfdb7-dc04-4ef0-9ec3-13e8c40f2c76', 0, '2025-09-28 01:36:18.726'),
('0259e511-2c5d-4fdb-b66c-121c62670a38', '9d8dd6cd-9344-449e-bd5c-b582bc87a6b7', 'image', 'cloudflare_images', 'c06f3905-1eb5-4771-aca5-213345f3e800', 'https://imagedelivery.net/uusH4IRLf6yhlCMhPld_6A/c06f3905-1eb5-4771-aca5-213345f3e800/public', 'public', 'dbbcd9e2-2bff-4a19-a4d0-ec014e602b6b', 0, '2025-09-28 01:36:18.726'),
('0259e511-2c5d-4fdb-b66c-121c62670a42', 'fe2bbc80-f561-48e8-96ea-4586e682fbd2', 'image', 'cloudflare_images', 'ea19242b-9d0c-4f01-8d6d-675501479500', 'https://imagedelivery.net/uusH4IRLf6yhlCMhPld_6A/ea19242b-9d0c-4f01-8d6d-675501479500/public', 'public', '052cfdb7-dc04-4ef0-9ec3-13e8c40f2c81', 1, '2025-09-28 01:36:18.726'),
('0259e511-2c5d-4fdb-b66c-121c62670a48', 'fe2bbc80-f561-48e8-96ea-4586e682fbd4', 'image', 'cloudflare_images', '68ea96e3-b612-44e1-0b09-474d49ee7b00', 'https://imagedelivery.net/uusH4IRLf6yhlCMhPld_6A/68ea96e3-b612-44e1-0b09-474d49ee7b00/public', 'public', '052cfdb7-dc04-4ef0-9ec3-13e8c40f2c75', 0, '2025-09-28 01:36:18.726'),
('0259e511-2c5d-4fdb-b66c-121c62670ad3', 'fe2bbc80-f561-48e8-96ea-4586e682fbd1', 'image', 'cloudflare_images', '06d3a0f2-0f0d-465b-96ae-d26fca47fe00', 'https://imagedelivery.net/uusH4IRLf6yhlCMhPld_6A/06d3a0f2-0f0d-465b-96ae-d26fca47fe00/public', 'public', '052cfdb7-dc04-4ef0-9ec3-13e8c40f2c80', 0, '2025-09-28 01:36:18.726'),
('0259e511-2c5d-4fdb-b66c-121c62670ada', 'fe2bbc80-f561-48e8-96ea-4586e682fbd2', 'image', 'cloudflare_images', '19450618-1a95-4f74-ee13-ce4eb70ba300', 'https://imagedelivery.net/uusH4IRLf6yhlCMhPld_6A/19450618-1a95-4f74-ee13-ce4eb70ba300/public', 'public', '052cfdb7-dc04-4ef0-9ec3-13e8c40f2c81', 0, '2025-09-28 01:36:18.726'),
('0259e511-2c5d-4fdb-b66c-121c62670b75', 'fe2bbc80-f561-48e8-96ea-4586e682fbd3', 'image', 'cloudflare_images', '378ef8f1-1aa2-4cb2-3431-6caaf6a69700', 'https://imagedelivery.net/uusH4IRLf6yhlCMhPld_6A/378ef8f1-1aa2-4cb2-3431-6caaf6a69700/public', 'public', '052cfdb7-dc04-4ef0-9ec3-13e8c40f2c82', 1, '2025-09-28 01:36:18.726'),
('0259e511-2c5d-4fdb-b66c-121c62670ed3', 'fe2bbc80-f561-48e8-96ea-4586e682fbd3', 'image', 'cloudflare_images', '64ec8936-89b6-4fb6-529a-6b80f981f900', 'https://imagedelivery.net/uusH4IRLf6yhlCMhPld_6A/64ec8936-89b6-4fb6-529a-6b80f981f900/public', 'public', '052cfdb7-dc04-4ef0-9ec3-13e8c40f2c82', 0, '2025-09-28 01:36:18.726'),
('0259e511-2c5d-4fdb-b66c-121c62670f8f', 'fe2bbc80-f561-48e8-96ea-4586e682fbd4', 'image', 'cloudflare_images', 'd070a296-8915-41e9-a4b3-64e54f1d4f00', 'https://imagedelivery.net/uusH4IRLf6yhlCMhPld_6A/d070a296-8915-41e9-a4b3-64e54f1d4f00/public', 'public', '052cfdb7-dc04-4ef0-9ec3-13e8c40f2c83', 1, '2025-09-28 01:36:18.726'),
('16226a59-517f-4240-82bb-2dbc645c2ed8', 'fe2bbc80-f561-48e8-96ea-4586e682fbd0', 'image', 'cloudflare_images', '36d54c48-0d42-4f54-347e-6bd41a4e1200', 'https://imagedelivery.net/uusH4IRLf6yhlCMhPld_6A/36d54c48-0d42-4f54-347e-6bd41a4e1200/cover', 'cover', '052cfdb7-dc04-4ef0-9ec3-13e8c40f2c79', 0, '2025-09-28 00:29:35.793'),
('210a1218-b852-4e1a-bda1-a114a57224ad', 'fe2bbc80-f561-48e8-96ea-4586e682fbd0', 'image', 'cloudflare_images', '235886a2-fde8-4729-5265-c7f9a767ed00', 'https://imagedelivery.net/uusH4IRLf6yhlCMhPld_6A/235886a2-fde8-4729-5265-c7f9a767ed00/thumbnail', 'thumbnail', '8d3186ce-f04b-4178-ba31-f9f47b923805', 1, '2025-09-28 01:26:34.768'),
('21fa314a-b398-4787-b6a9-0e8d7f0690ac', 'fe2bbc80-f561-48e8-96ea-4586e682fbd0', 'image', 'cloudflare_images', '235886a2-fde8-4729-5265-c7f9a767ed00', 'https://imagedelivery.net/uusH4IRLf6yhlCMhPld_6A/235886a2-fde8-4729-5265-c7f9a767ed00/public', 'public', '8d3186ce-f04b-4178-ba31-f9f47b923805', 1, '2025-09-28 01:26:34.768'),
('24cee03a-645d-4883-81ae-cd2ec672b714', 'fe2bbc80-f561-48e8-96ea-4586e682fbd4', 'image', 'cloudflare_images', '83788e7a-eca7-497d-ff0d-f862e5d78600', 'https://imagedelivery.net/uusH4IRLf6yhlCMhPld_6A/83788e7a-eca7-497d-ff0d-f862e5d78600/profileThumbnail', 'profileThumbnail', '052cfdb7-dc04-4ef0-9ec3-13e8c40f2c83', 0, '2025-09-28 01:36:18.726'),
('24cee03a-645d-4883-81ae-cd2ec672bb22', 'fe2bbc80-f561-48e8-96ea-4586e682fbd1', 'image', 'cloudflare_images', 'd5dcb62a-5253-44c4-a1fe-94796a345500', 'https://imagedelivery.net/uusH4IRLf6yhlCMhPld_6A/d5dcb62a-5253-44c4-a1fe-94796a345500/profileThumbnail', 'profileThumbnail', '052cfdb7-dc04-4ef0-9ec3-13e8c40f2c80', 1, '2025-09-28 01:36:18.726'),
('24cee03a-645d-4883-81ae-cd2ec672bb72', 'fe2bbc80-f561-48e8-96ea-4586e682fbd2', 'image', 'cloudflare_images', '689585c3-565c-446a-f5b6-b43afac59800', 'https://imagedelivery.net/uusH4IRLf6yhlCMhPld_6A/689585c3-565c-446a-f5b6-b43afac59800/profileThumbnail', 'profileThumbnail', '052cfdb7-dc04-4ef0-9ec3-13e8c40f2c77', 0, '2025-09-28 01:36:18.726'),
('24cee03a-645d-4883-81ae-cd2ec672bb73', 'fe2bbc80-f561-48e8-96ea-4586e682fbd4', 'image', 'cloudflare_images', '68ea96e3-b612-44e1-0b09-474d49ee7b00', 'https://imagedelivery.net/uusH4IRLf6yhlCMhPld_6A/68ea96e3-b612-44e1-0b09-474d49ee7b00/profileThumbnail', 'profileThumbnail', '052cfdb7-dc04-4ef0-9ec3-13e8c40f2c75', 0, '2025-09-28 01:36:18.726'),
('24cee03a-645d-4883-81ae-cd2ec672bb74', '9d8dd6cd-9344-449e-bd5c-b582bc87a6b7', 'image', 'cloudflare_images', 'c06f3905-1eb5-4771-aca5-213345f3e800', 'https://imagedelivery.net/uusH4IRLf6yhlCMhPld_6A/c06f3905-1eb5-4771-aca5-213345f3e800/profileThumbnail', 'profileThumbnail', 'dbbcd9e2-2bff-4a19-a4d0-ec014e602b6b', 0, '2025-09-28 01:36:18.726'),
('24cee03a-645d-4883-81ae-cd2ec672bb75', 'fe2bbc80-f561-48e8-96ea-4586e682fbd1', 'image', 'cloudflare_images', 'f17af5cb-5046-410f-2240-09d1beae3200', 'https://imagedelivery.net/uusH4IRLf6yhlCMhPld_6A/f17af5cb-5046-410f-2240-09d1beae3200/profileThumbnail', 'profileThumbnail', '052cfdb7-dc04-4ef0-9ec3-13e8c40f2c78', 0, '2025-09-28 01:36:18.726'),
('24cee03a-645d-4883-81ae-cd2ec672bb76', 'fe2bbc80-f561-48e8-96ea-4586e682fbd3', 'image', 'cloudflare_images', 'b5c63199-667b-4188-2ee1-c25dd0dc8900', 'https://imagedelivery.net/uusH4IRLf6yhlCMhPld_6A/b5c63199-667b-4188-2ee1-c25dd0dc8900/profileThumbnail', 'profileThumbnail', '052cfdb7-dc04-4ef0-9ec3-13e8c40f2c76', 0, '2025-09-28 01:36:18.726'),
('24cee03a-645d-4883-81ae-cd2ec672bba5', 'fe2bbc80-f561-48e8-96ea-4586e682fbd2', 'image', 'cloudflare_images', '19450618-1a95-4f74-ee13-ce4eb70ba300', 'https://imagedelivery.net/uusH4IRLf6yhlCMhPld_6A/19450618-1a95-4f74-ee13-ce4eb70ba300/profileThumbnail', 'profileThumbnail', '052cfdb7-dc04-4ef0-9ec3-13e8c40f2c81', 0, '2025-09-28 01:36:18.726'),
('24cee03a-645d-4883-81ae-cd2ec672bba8', 'fe2bbc80-f561-48e8-96ea-4586e682fbd3', 'image', 'cloudflare_images', '378ef8f1-1aa2-4cb2-3431-6caaf6a69700', 'https://imagedelivery.net/uusH4IRLf6yhlCMhPld_6A/378ef8f1-1aa2-4cb2-3431-6caaf6a69700/profileThumbnail', 'profileThumbnail', '052cfdb7-dc04-4ef0-9ec3-13e8c40f2c82', 1, '2025-09-28 01:36:18.726'),
('24cee03a-645d-4883-81ae-cd2ec672bbb5', 'fe2bbc80-f561-48e8-96ea-4586e682fbd1', 'image', 'cloudflare_images', '06d3a0f2-0f0d-465b-96ae-d26fca47fe00', 'https://imagedelivery.net/uusH4IRLf6yhlCMhPld_6A/06d3a0f2-0f0d-465b-96ae-d26fca47fe00/profileThumbnail', 'profileThumbnail', '052cfdb7-dc04-4ef0-9ec3-13e8c40f2c80', 0, '2025-09-28 01:36:18.726'),
('24cee03a-645d-4883-81ae-cd2ec672bbe2', 'fe2bbc80-f561-48e8-96ea-4586e682fbd2', 'image', 'cloudflare_images', 'ea19242b-9d0c-4f01-8d6d-675501479500', 'https://imagedelivery.net/uusH4IRLf6yhlCMhPld_6A/ea19242b-9d0c-4f01-8d6d-675501479500/profileThumbnail', 'profileThumbnail', '052cfdb7-dc04-4ef0-9ec3-13e8c40f2c81', 1, '2025-09-28 01:36:18.726'),
('24cee03a-645d-4883-81ae-cd2ec672bcb5', 'fe2bbc80-f561-48e8-96ea-4586e682fbd3', 'image', 'cloudflare_images', '64ec8936-89b6-4fb6-529a-6b80f981f900', 'https://imagedelivery.net/uusH4IRLf6yhlCMhPld_6A/64ec8936-89b6-4fb6-529a-6b80f981f900/profileThumbnail', 'profileThumbnail', '052cfdb7-dc04-4ef0-9ec3-13e8c40f2c82', 0, '2025-09-28 01:36:18.726'),
('24cee03a-645d-4883-81ae-cd2ec672bed8', 'fe2bbc80-f561-48e8-96ea-4586e682fbd4', 'image', 'cloudflare_images', 'd070a296-8915-41e9-a4b3-64e54f1d4f00', 'https://imagedelivery.net/uusH4IRLf6yhlCMhPld_6A/d070a296-8915-41e9-a4b3-64e54f1d4f00/profileThumbnail', 'profileThumbnail', '052cfdb7-dc04-4ef0-9ec3-13e8c40f2c83', 1, '2025-09-28 01:36:18.726'),
('27ceabec-f0d5-458d-9e64-fcd726dccbba', 'fe2bbc80-f561-48e8-96ea-4586e682fbd0', 'image', 'cloudflare_images', '0de50321-f008-4729-eb88-1db06b470e00', 'https://imagedelivery.net/uusH4IRLf6yhlCMhPld_6A/0de50321-f008-4729-eb88-1db06b470e00/thumbnail', 'thumbnail', '87d9c3ab-0bbc-40b3-89af-4bb41cb5892b', 1, '2025-09-29 22:44:40.684'),
('331d3bbf-b3e0-4e06-9fd3-c41a893f46ed', 'fe2bbc80-f561-48e8-96ea-4586e682fbd0', 'image', 'cloudflare_images', 'f12cdfe9-e6f5-486a-f4ed-0cd82722c600', 'https://imagedelivery.net/uusH4IRLf6yhlCMhPld_6A/f12cdfe9-e6f5-486a-f4ed-0cd82722c600/public', 'public', '873cc777-f464-4b31-8b5f-081ae63a9a51', 1, '2025-09-29 22:52:43.195'),
('36420e1f-fe0b-4e02-90bb-5c3795650561', 'fe2bbc80-f561-48e8-96ea-4586e682fbd0', 'image', 'cloudflare_images', 'e90143d7-4f78-4478-d488-e8ab0538d700', 'https://imagedelivery.net/uusH4IRLf6yhlCMhPld_6A/e90143d7-4f78-4478-d488-e8ab0538d700/thumbnail', 'thumbnail', '873cc777-f464-4b31-8b5f-081ae63a9a51', 2, '2025-09-29 22:53:08.914'),
('394e0c81-3b14-42ea-837a-5aa007eb95fc', 'fe2bbc80-f561-48e8-96ea-4586e682fbd0', 'image', 'cloudflare_images', 'f12cdfe9-e6f5-486a-f4ed-0cd82722c600', 'https://imagedelivery.net/uusH4IRLf6yhlCMhPld_6A/f12cdfe9-e6f5-486a-f4ed-0cd82722c600/profileThumbnail', 'profileThumbnail', '873cc777-f464-4b31-8b5f-081ae63a9a51', 1, '2025-09-29 22:52:43.195'),
('3a75c62b-6070-48dc-b3fb-d039deb73778', 'fe2bbc80-f561-48e8-96ea-4586e682fbd0', 'image', 'cloudflare_images', 'e90143d7-4f78-4478-d488-e8ab0538d700', 'https://imagedelivery.net/uusH4IRLf6yhlCMhPld_6A/e90143d7-4f78-4478-d488-e8ab0538d700/profileThumbnail', 'profileThumbnail', '873cc777-f464-4b31-8b5f-081ae63a9a51', 2, '2025-09-29 22:53:08.914'),
('3cab1a9c-244e-46bd-8b29-b577fb0d665a', 'fe2bbc80-f561-48e8-96ea-4586e682fbd0', 'image', 'cloudflare_images', 'ef53acfc-cadd-44f0-da9b-abbd68033800', 'https://imagedelivery.net/uusH4IRLf6yhlCMhPld_6A/ef53acfc-cadd-44f0-da9b-abbd68033800/profileThumbnail', 'profileThumbnail', '87d9c3ab-0bbc-40b3-89af-4bb41cb5892b', 2, '2025-09-29 22:49:35.419'),
('3fd748c7-dd21-4871-a82f-99e1d7c78579', 'fe2bbc80-f561-48e8-96ea-4586e682fbd0', 'image', 'cloudflare_images', '7e88a5c1-bae2-49bc-5c61-ce6d2f3e2400', 'https://imagedelivery.net/uusH4IRLf6yhlCMhPld_6A/7e88a5c1-bae2-49bc-5c61-ce6d2f3e2400/profileThumbnail', 'profileThumbnail', '8d3186ce-f04b-4178-ba31-f9f47b923805', 2, '2025-09-28 01:26:34.768'),
('501055ff-5075-4861-81c6-3698f903aa32', 'fe2bbc80-f561-48e8-96ea-4586e682fbd4', 'image', 'cloudflare_images', '83788e7a-eca7-497d-ff0d-f862e5d78600', 'https://imagedelivery.net/uusH4IRLf6yhlCMhPld_6A/83788e7a-eca7-497d-ff0d-f862e5d78600/thumbnail', 'thumbnail', '052cfdb7-dc04-4ef0-9ec3-13e8c40f2c83', 0, '2025-09-28 01:36:18.726'),
('501055ff-5075-4861-81c6-3698f903ace6', 'fe2bbc80-f561-48e8-96ea-4586e682fbd4', 'image', 'cloudflare_images', 'd070a296-8915-41e9-a4b3-64e54f1d4f00', 'https://imagedelivery.net/uusH4IRLf6yhlCMhPld_6A/d070a296-8915-41e9-a4b3-64e54f1d4f00/thumbnail', 'thumbnail', '052cfdb7-dc04-4ef0-9ec3-13e8c40f2c83', 1, '2025-09-28 01:36:18.726'),
('501055ff-5075-4861-81c6-3698f903ada1', 'fe2bbc80-f561-48e8-96ea-4586e682fbd2', 'image', 'cloudflare_images', '19450618-1a95-4f74-ee13-ce4eb70ba300', 'https://imagedelivery.net/uusH4IRLf6yhlCMhPld_6A/19450618-1a95-4f74-ee13-ce4eb70ba300/thumbnail', 'thumbnail', '052cfdb7-dc04-4ef0-9ec3-13e8c40f2c81', 0, '2025-09-28 01:36:18.726'),
('501055ff-5075-4861-81c6-3698f903ada6', 'fe2bbc80-f561-48e8-96ea-4586e682fbd1', 'image', 'cloudflare_images', '06d3a0f2-0f0d-465b-96ae-d26fca47fe00', 'https://imagedelivery.net/uusH4IRLf6yhlCMhPld_6A/06d3a0f2-0f0d-465b-96ae-d26fca47fe00/thumbnail', 'thumbnail', '052cfdb7-dc04-4ef0-9ec3-13e8c40f2c80', 0, '2025-09-28 01:36:18.726'),
('501055ff-5075-4861-81c6-3698f903adb1', 'fe2bbc80-f561-48e8-96ea-4586e682fbd3', 'image', 'cloudflare_images', '378ef8f1-1aa2-4cb2-3431-6caaf6a69700', 'https://imagedelivery.net/uusH4IRLf6yhlCMhPld_6A/378ef8f1-1aa2-4cb2-3431-6caaf6a69700/thumbnail', 'thumbnail', '052cfdb7-dc04-4ef0-9ec3-13e8c40f2c82', 1, '2025-09-28 01:36:18.726'),
('501055ff-5075-4861-81c6-3698f903add2', 'fe2bbc80-f561-48e8-96ea-4586e682fbd4', 'image', 'cloudflare_images', '68ea96e3-b612-44e1-0b09-474d49ee7b00', 'https://imagedelivery.net/uusH4IRLf6yhlCMhPld_6A/68ea96e3-b612-44e1-0b09-474d49ee7b00/thumbnail', 'thumbnail', '052cfdb7-dc04-4ef0-9ec3-13e8c40f2c75', 0, '2025-09-28 01:36:18.726'),
('501055ff-5075-4861-81c6-3698f903add6', 'fe2bbc80-f561-48e8-96ea-4586e682fbd1', 'image', 'cloudflare_images', 'f17af5cb-5046-410f-2240-09d1beae3200', 'https://imagedelivery.net/uusH4IRLf6yhlCMhPld_6A/f17af5cb-5046-410f-2240-09d1beae3200/thumbnail', 'thumbnail', '052cfdb7-dc04-4ef0-9ec3-13e8c40f2c78', 0, '2025-09-28 01:36:18.726'),
('501055ff-5075-4861-81c6-3698f903add7', '9d8dd6cd-9344-449e-bd5c-b582bc87a6b7', 'image', 'cloudflare_images', 'c06f3905-1eb5-4771-aca5-213345f3e800', 'https://imagedelivery.net/uusH4IRLf6yhlCMhPld_6A/c06f3905-1eb5-4771-aca5-213345f3e800/thumbnail', 'thumbnail', 'dbbcd9e2-2bff-4a19-a4d0-ec014e602b6b', 0, '2025-09-28 01:36:18.726'),
('501055ff-5075-4861-81c6-3698f903add8', 'fe2bbc80-f561-48e8-96ea-4586e682fbd2', 'image', 'cloudflare_images', '689585c3-565c-446a-f5b6-b43afac59800', 'https://imagedelivery.net/uusH4IRLf6yhlCMhPld_6A/689585c3-565c-446a-f5b6-b43afac59800/thumbnail', 'thumbnail', '052cfdb7-dc04-4ef0-9ec3-13e8c40f2c77', 0, '2025-09-28 01:36:18.726'),
('501055ff-5075-4861-81c6-3698f903add9', 'fe2bbc80-f561-48e8-96ea-4586e682fbd3', 'image', 'cloudflare_images', 'b5c63199-667b-4188-2ee1-c25dd0dc8900', 'https://imagedelivery.net/uusH4IRLf6yhlCMhPld_6A/b5c63199-667b-4188-2ee1-c25dd0dc8900/thumbnail', 'thumbnail', '052cfdb7-dc04-4ef0-9ec3-13e8c40f2c76', 0, '2025-09-28 01:36:18.726'),
('501055ff-5075-4861-81c6-3698f903adf7', 'fe2bbc80-f561-48e8-96ea-4586e682fbd2', 'image', 'cloudflare_images', 'ea19242b-9d0c-4f01-8d6d-675501479500', 'https://imagedelivery.net/uusH4IRLf6yhlCMhPld_6A/ea19242b-9d0c-4f01-8d6d-675501479500/thumbnail', 'thumbnail', '052cfdb7-dc04-4ef0-9ec3-13e8c40f2c81', 1, '2025-09-28 01:36:18.726'),
('501055ff-5075-4861-81c6-3698f903adf8', 'fe2bbc80-f561-48e8-96ea-4586e682fbd1', 'image', 'cloudflare_images', 'd5dcb62a-5253-44c4-a1fe-94796a345500', 'https://imagedelivery.net/uusH4IRLf6yhlCMhPld_6A/d5dcb62a-5253-44c4-a1fe-94796a345500/thumbnail', 'thumbnail', '052cfdb7-dc04-4ef0-9ec3-13e8c40f2c80', 1, '2025-09-28 01:36:18.726'),
('501055ff-5075-4861-81c6-3698f903aea6', 'fe2bbc80-f561-48e8-96ea-4586e682fbd3', 'image', 'cloudflare_images', '64ec8936-89b6-4fb6-529a-6b80f981f900', 'https://imagedelivery.net/uusH4IRLf6yhlCMhPld_6A/64ec8936-89b6-4fb6-529a-6b80f981f900/thumbnail', 'thumbnail', '052cfdb7-dc04-4ef0-9ec3-13e8c40f2c82', 0, '2025-09-28 01:36:18.726'),
('504b5e39-66f5-4e44-b54c-5ca9be2d2a27', 'fe2bbc80-f561-48e8-96ea-4586e682fbd0', 'image', 'cloudflare_images', '994835c9-51e3-4551-cc1c-7beb95a31900', 'https://imagedelivery.net/uusH4IRLf6yhlCMhPld_6A/994835c9-51e3-4551-cc1c-7beb95a31900/cover', 'cover', '8d3186ce-f04b-4178-ba31-f9f47b923805', 0, '2025-09-28 01:26:34.768'),
('55552b2c-d64f-4e8b-ade6-6f1b688b7d4b', 'fe2bbc80-f561-48e8-96ea-4586e682fbd0', 'image', 'cloudflare_images', '994835c9-51e3-4551-cc1c-7beb95a31900', 'https://imagedelivery.net/uusH4IRLf6yhlCMhPld_6A/994835c9-51e3-4551-cc1c-7beb95a31900/thumbnail', 'thumbnail', '8d3186ce-f04b-4178-ba31-f9f47b923805', 0, '2025-09-28 01:26:34.768'),
('564aef1b-fe9b-46b6-987c-278f6ac25387', 'fe2bbc80-f561-48e8-96ea-4586e682fbd0', 'image', 'cloudflare_images', 'e90143d7-4f78-4478-d488-e8ab0538d700', 'https://imagedelivery.net/uusH4IRLf6yhlCMhPld_6A/e90143d7-4f78-4478-d488-e8ab0538d700/cover', 'cover', '873cc777-f464-4b31-8b5f-081ae63a9a51', 2, '2025-09-29 22:53:08.914'),
('5a0a5523-660e-469b-bf58-1389c2ee6911', 'fe2bbc80-f561-48e8-96ea-4586e682fbd0', 'image', 'cloudflare_images', '36d54c48-0d42-4f54-347e-6bd41a4e1200', 'https://imagedelivery.net/uusH4IRLf6yhlCMhPld_6A/36d54c48-0d42-4f54-347e-6bd41a4e1200/thumbnail', 'thumbnail', '052cfdb7-dc04-4ef0-9ec3-13e8c40f2c79', 0, '2025-09-28 00:29:35.793'),
('62bb337e-d7f6-4849-bfb6-3dcd6e4b6958', 'fe2bbc80-f561-48e8-96ea-4586e682fbd3', 'image', 'cloudflare_images', '70f43e34-2ed2-4e9d-e320-6b21e6e62100', 'https://imagedelivery.net/uusH4IRLf6yhlCMhPld_6A/70f43e34-2ed2-4e9d-e320-6b21e6e62100/cover', 'cover', '052cfdb7-dc04-4ef0-9ec3-13e8c40f2c82', 2, '2025-10-29 22:18:28.395'),
('64961c93-78be-4615-aecb-6c133d361522', 'fe2bbc80-f561-48e8-96ea-4586e682fbd0', 'image', 'cloudflare_images', 'f12cdfe9-e6f5-486a-f4ed-0cd82722c600', 'https://imagedelivery.net/uusH4IRLf6yhlCMhPld_6A/f12cdfe9-e6f5-486a-f4ed-0cd82722c600/thumbnail', 'thumbnail', '873cc777-f464-4b31-8b5f-081ae63a9a51', 1, '2025-09-29 22:52:43.195'),
('89c8ddce-79a8-4672-b49d-9d4997f06d56', 'fe2bbc80-f561-48e8-96ea-4586e682fbd0', 'image', 'cloudflare_images', '235886a2-fde8-4729-5265-c7f9a767ed00', 'https://imagedelivery.net/uusH4IRLf6yhlCMhPld_6A/235886a2-fde8-4729-5265-c7f9a767ed00/profileThumbnail', 'profileThumbnail', '8d3186ce-f04b-4178-ba31-f9f47b923805', 1, '2025-09-28 01:26:34.768'),
('902be80f-f1b6-45ae-8605-27f65342f277', 'fe2bbc80-f561-48e8-96ea-4586e682fbd4', 'image', 'cloudflare_images', 'd070a296-8915-41e9-a4b3-64e54f1d4f00', 'https://imagedelivery.net/uusH4IRLf6yhlCMhPld_6A/d070a296-8915-41e9-a4b3-64e54f1d4f00/cover', 'cover', '052cfdb7-dc04-4ef0-9ec3-13e8c40f2c83', 1, '2025-09-28 01:36:18.726'),
('902be80f-f1b6-45ae-8605-27f65342f5c4', 'fe2bbc80-f561-48e8-96ea-4586e682fbd4', 'image', 'cloudflare_images', '83788e7a-eca7-497d-ff0d-f862e5d78600', 'https://imagedelivery.net/uusH4IRLf6yhlCMhPld_6A/83788e7a-eca7-497d-ff0d-f862e5d78600/cover', 'cover', '052cfdb7-dc04-4ef0-9ec3-13e8c40f2c83', 0, '2025-09-28 01:36:18.726'),
('902be80f-f1b6-45ae-8605-27f65342f677', 'fe2bbc80-f561-48e8-96ea-4586e682fbd3', 'image', 'cloudflare_images', '378ef8f1-1aa2-4cb2-3431-6caaf6a69700', 'https://imagedelivery.net/uusH4IRLf6yhlCMhPld_6A/378ef8f1-1aa2-4cb2-3431-6caaf6a69700/cover', 'cover', '052cfdb7-dc04-4ef0-9ec3-13e8c40f2c82', 1, '2025-09-28 01:36:18.726'),
('902be80f-f1b6-45ae-8605-27f65342f713', 'fe2bbc80-f561-48e8-96ea-4586e682fbd3', 'image', 'cloudflare_images', 'b5c63199-667b-4188-2ee1-c25dd0dc8900', 'https://imagedelivery.net/uusH4IRLf6yhlCMhPld_6A/b5c63199-667b-4188-2ee1-c25dd0dc8900/cover', 'cover', '052cfdb7-dc04-4ef0-9ec3-13e8c40f2c76', 0, '2025-09-28 01:36:18.726'),
('902be80f-f1b6-45ae-8605-27f65342f714', 'fe2bbc80-f561-48e8-96ea-4586e682fbd1', 'image', 'cloudflare_images', 'f17af5cb-5046-410f-2240-09d1beae3200', 'https://imagedelivery.net/uusH4IRLf6yhlCMhPld_6A/f17af5cb-5046-410f-2240-09d1beae3200/cover', 'cover', '052cfdb7-dc04-4ef0-9ec3-13e8c40f2c78', 0, '2025-09-28 01:36:18.726'),
('902be80f-f1b6-45ae-8605-27f65342f717', 'fe2bbc80-f561-48e8-96ea-4586e682fbd2', 'image', 'cloudflare_images', '689585c3-565c-446a-f5b6-b43afac59800', 'https://imagedelivery.net/uusH4IRLf6yhlCMhPld_6A/689585c3-565c-446a-f5b6-b43afac59800/cover', 'cover', '052cfdb7-dc04-4ef0-9ec3-13e8c40f2c77', 0, '2025-09-28 01:36:18.726'),
('902be80f-f1b6-45ae-8605-27f65342f71b', '9d8dd6cd-9344-449e-bd5c-b582bc87a6b7', 'image', 'cloudflare_images', 'c06f3905-1eb5-4771-aca5-213345f3e800', 'https://imagedelivery.net/uusH4IRLf6yhlCMhPld_6A/c06f3905-1eb5-4771-aca5-213345f3e800/cover', 'cover', 'dbbcd9e2-2bff-4a19-a4d0-ec014e602b6b', 0, '2025-09-28 01:36:18.726'),
('902be80f-f1b6-45ae-8605-27f65342f767', 'fe2bbc80-f561-48e8-96ea-4586e682fbd4', 'image', 'cloudflare_images', '68ea96e3-b612-44e1-0b09-474d49ee7b00', 'https://imagedelivery.net/uusH4IRLf6yhlCMhPld_6A/68ea96e3-b612-44e1-0b09-474d49ee7b00/cover', 'cover', '052cfdb7-dc04-4ef0-9ec3-13e8c40f2c75', 0, '2025-09-28 01:36:18.726'),
('902be80f-f1b6-45ae-8605-27f65342f777', 'fe2bbc80-f561-48e8-96ea-4586e682fbd1', 'image', 'cloudflare_images', 'd5dcb62a-5253-44c4-a1fe-94796a345500', 'https://imagedelivery.net/uusH4IRLf6yhlCMhPld_6A/d5dcb62a-5253-44c4-a1fe-94796a345500/cover', 'cover', '052cfdb7-dc04-4ef0-9ec3-13e8c40f2c80', 1, '2025-09-28 01:36:18.726'),
('902be80f-f1b6-45ae-8605-27f65342f7a9', 'fe2bbc80-f561-48e8-96ea-4586e682fbd2', 'image', 'cloudflare_images', 'ea19242b-9d0c-4f01-8d6d-675501479500', 'https://imagedelivery.net/uusH4IRLf6yhlCMhPld_6A/ea19242b-9d0c-4f01-8d6d-675501479500/cover', 'cover', '052cfdb7-dc04-4ef0-9ec3-13e8c40f2c81', 1, '2025-09-28 01:36:18.726'),
('902be80f-f1b6-45ae-8605-27f65342f7c3', 'fe2bbc80-f561-48e8-96ea-4586e682fbd2', 'image', 'cloudflare_images', '19450618-1a95-4f74-ee13-ce4eb70ba300', 'https://imagedelivery.net/uusH4IRLf6yhlCMhPld_6A/19450618-1a95-4f74-ee13-ce4eb70ba300/cover', 'cover', '052cfdb7-dc04-4ef0-9ec3-13e8c40f2c81', 0, '2025-09-28 01:36:18.726'),
('902be80f-f1b6-45ae-8605-27f65342f7c4', 'fe2bbc80-f561-48e8-96ea-4586e682fbd1', 'image', 'cloudflare_images', '06d3a0f2-0f0d-465b-96ae-d26fca47fe00', 'https://imagedelivery.net/uusH4IRLf6yhlCMhPld_6A/06d3a0f2-0f0d-465b-96ae-d26fca47fe00/cover', 'cover', '052cfdb7-dc04-4ef0-9ec3-13e8c40f2c80', 0, '2025-09-28 01:36:18.726'),
('902be80f-f1b6-45ae-8605-27f65342f8c4', 'fe2bbc80-f561-48e8-96ea-4586e682fbd3', 'image', 'cloudflare_images', '64ec8936-89b6-4fb6-529a-6b80f981f900', 'https://imagedelivery.net/uusH4IRLf6yhlCMhPld_6A/64ec8936-89b6-4fb6-529a-6b80f981f900/cover', 'cover', '052cfdb7-dc04-4ef0-9ec3-13e8c40f2c82', 0, '2025-09-28 01:36:18.726'),
('910628bd-0462-436c-8acf-e82ab59ad975', 'fe2bbc80-f561-48e8-96ea-4586e682fbd0', 'image', 'cloudflare_images', 'e90143d7-4f78-4478-d488-e8ab0538d700', 'https://imagedelivery.net/uusH4IRLf6yhlCMhPld_6A/e90143d7-4f78-4478-d488-e8ab0538d700/public', 'public', '873cc777-f464-4b31-8b5f-081ae63a9a51', 2, '2025-09-29 22:53:08.914'),
('93e9b51e-aa9b-4caf-b0a0-3396ad24f31d', 'fe2bbc80-f561-48e8-96ea-4586e682fbd0', 'image', 'cloudflare_images', '235886a2-fde8-4729-5265-c7f9a767ed00', 'https://imagedelivery.net/uusH4IRLf6yhlCMhPld_6A/235886a2-fde8-4729-5265-c7f9a767ed00/cover', 'cover', '8d3186ce-f04b-4178-ba31-f9f47b923805', 1, '2025-09-28 01:26:34.768'),
('97b9a2fb-02c3-4c72-bfa7-eaa8c19567fd', 'fe2bbc80-f561-48e8-96ea-4586e682fbd0', 'image', 'cloudflare_images', '7e88a5c1-bae2-49bc-5c61-ce6d2f3e2400', 'https://imagedelivery.net/uusH4IRLf6yhlCMhPld_6A/7e88a5c1-bae2-49bc-5c61-ce6d2f3e2400/cover', 'cover', '8d3186ce-f04b-4178-ba31-f9f47b923805', 2, '2025-09-28 01:26:34.768'),
('9839a7de-e808-41ae-bcff-80b9accc7cf9', 'fe2bbc80-f561-48e8-96ea-4586e682fbd3', 'image', 'cloudflare_images', '70f43e34-2ed2-4e9d-e320-6b21e6e62100', 'https://imagedelivery.net/uusH4IRLf6yhlCMhPld_6A/70f43e34-2ed2-4e9d-e320-6b21e6e62100/profileThumbnail', 'profileThumbnail', '052cfdb7-dc04-4ef0-9ec3-13e8c40f2c82', 2, '2025-10-29 22:18:28.395'),
('99d98e0b-35f9-42a5-8459-f274345bc56c', 'fe2bbc80-f561-48e8-96ea-4586e682fbd0', 'image', 'cloudflare_images', '0de50321-f008-4729-eb88-1db06b470e00', 'https://imagedelivery.net/uusH4IRLf6yhlCMhPld_6A/0de50321-f008-4729-eb88-1db06b470e00/public', 'public', '87d9c3ab-0bbc-40b3-89af-4bb41cb5892b', 1, '2025-09-29 22:44:40.684'),
('9a9bd378-52ea-4f97-b95f-f36fc0ac5464', 'fe2bbc80-f561-48e8-96ea-4586e682fbd3', 'image', 'cloudflare_images', '70f43e34-2ed2-4e9d-e320-6b21e6e62100', 'https://imagedelivery.net/uusH4IRLf6yhlCMhPld_6A/70f43e34-2ed2-4e9d-e320-6b21e6e62100/public', 'public', '052cfdb7-dc04-4ef0-9ec3-13e8c40f2c82', 2, '2025-10-29 22:18:28.395'),
('a3032eb2-d544-402c-958c-d5ecb7a031df', 'fe2bbc80-f561-48e8-96ea-4586e682fbd0', 'image', 'cloudflare_images', 'ef53acfc-cadd-44f0-da9b-abbd68033800', 'https://imagedelivery.net/uusH4IRLf6yhlCMhPld_6A/ef53acfc-cadd-44f0-da9b-abbd68033800/public', 'public', '87d9c3ab-0bbc-40b3-89af-4bb41cb5892b', 2, '2025-09-29 22:49:35.419'),
('af7bfe44-3be8-4a54-9595-969097e3ee7d', 'fe2bbc80-f561-48e8-96ea-4586e682fbd0', 'image', 'cloudflare_images', '994835c9-51e3-4551-cc1c-7beb95a31900', 'https://imagedelivery.net/uusH4IRLf6yhlCMhPld_6A/994835c9-51e3-4551-cc1c-7beb95a31900/profileThumbnail', 'profileThumbnail', '8d3186ce-f04b-4178-ba31-f9f47b923805', 0, '2025-09-28 01:26:34.768'),
('b2c8e49e-9146-4018-a620-8f74ebb06481', 'fe2bbc80-f561-48e8-96ea-4586e682fbd0', 'image', 'cloudflare_images', 'f12cdfe9-e6f5-486a-f4ed-0cd82722c600', 'https://imagedelivery.net/uusH4IRLf6yhlCMhPld_6A/f12cdfe9-e6f5-486a-f4ed-0cd82722c600/cover', 'cover', '873cc777-f464-4b31-8b5f-081ae63a9a51', 1, '2025-09-29 22:52:43.195'),
('b5b82dc7-5a0c-4fc3-a364-f6a176078436', 'fe2bbc80-f561-48e8-96ea-4586e682fbd0', 'image', 'cloudflare_images', '0de50321-f008-4729-eb88-1db06b470e00', 'https://imagedelivery.net/uusH4IRLf6yhlCMhPld_6A/0de50321-f008-4729-eb88-1db06b470e00/cover', 'cover', '87d9c3ab-0bbc-40b3-89af-4bb41cb5892b', 1, '2025-09-29 22:44:40.684'),
('b757b7b9-2063-41ef-826a-1116725a7ce6', 'fe2bbc80-f561-48e8-96ea-4586e682fbd0', 'image', 'cloudflare_images', '36d54c48-0d42-4f54-347e-6bd41a4e1200', 'https://imagedelivery.net/uusH4IRLf6yhlCMhPld_6A/36d54c48-0d42-4f54-347e-6bd41a4e1200/profileThumbnail', 'profileThumbnail', '052cfdb7-dc04-4ef0-9ec3-13e8c40f2c79', 0, '2025-09-28 00:29:35.793'),
('bf2501ee-2d79-44ad-8f27-e44829617a20', 'fe2bbc80-f561-48e8-96ea-4586e682fbd0', 'image', 'cloudflare_images', 'ef53acfc-cadd-44f0-da9b-abbd68033800', 'https://imagedelivery.net/uusH4IRLf6yhlCMhPld_6A/ef53acfc-cadd-44f0-da9b-abbd68033800/thumbnail', 'thumbnail', '87d9c3ab-0bbc-40b3-89af-4bb41cb5892b', 2, '2025-09-29 22:49:35.419'),
('caa74d5c-96cf-4863-8574-3ee08889940a', 'fe2bbc80-f561-48e8-96ea-4586e682fbd0', 'video', 'cloudflare_images', 'f01f2000d845335e143f7215e425b3f2', 'https://customer-kb0znv13nolt7e8g.cloudflarestream.com/f01f2000d845335e143f7215e425b3f2/manifest/video.m3u8', 'public', '87d9c3ab-0bbc-40b3-89af-4bb41cb5892b', 0, '2025-09-29 22:44:40.684'),
('cb6867c5-525f-4e64-a977-5c3b06a2687f', 'fe2bbc80-f561-48e8-96ea-4586e682fbd0', 'video', 'cloudflare_images', 'dc54304e5a92695641abff6c498ecfe1', 'https://customer-kb0znv13nolt7e8g.cloudflarestream.com/dc54304e5a92695641abff6c498ecfe1/manifest/video.m3u8', 'public', '873cc777-f464-4b31-8b5f-081ae63a9a51', 0, '2025-09-29 22:52:43.195'),
('cdd5b71f-3c18-4ca1-a096-63e14a68da6f', 'fe2bbc80-f561-48e8-96ea-4586e682fbd3', 'image', 'cloudflare_images', '70f43e34-2ed2-4e9d-e320-6b21e6e62100', 'https://imagedelivery.net/uusH4IRLf6yhlCMhPld_6A/70f43e34-2ed2-4e9d-e320-6b21e6e62100/thumbnail', 'thumbnail', '052cfdb7-dc04-4ef0-9ec3-13e8c40f2c82', 2, '2025-10-29 22:18:28.395'),
('d2af48ec-2db1-440c-b845-03bf7ea1ff8f', 'fe2bbc80-f561-48e8-96ea-4586e682fbd0', 'image', 'cloudflare_images', '36d54c48-0d42-4f54-347e-6bd41a4e1200', 'https://imagedelivery.net/uusH4IRLf6yhlCMhPld_6A/36d54c48-0d42-4f54-347e-6bd41a4e1200/public', 'public', '052cfdb7-dc04-4ef0-9ec3-13e8c40f2c79', 0, '2025-09-28 00:29:35.793'),
('dcfaee06-45cd-4458-b249-d6b3c6fcebcc', 'fe2bbc80-f561-48e8-96ea-4586e682fbd0', 'image', 'cloudflare_images', '7e88a5c1-bae2-49bc-5c61-ce6d2f3e2400', 'https://imagedelivery.net/uusH4IRLf6yhlCMhPld_6A/7e88a5c1-bae2-49bc-5c61-ce6d2f3e2400/public', 'public', '8d3186ce-f04b-4178-ba31-f9f47b923805', 2, '2025-09-28 01:26:34.768'),
('e2bbd93c-65c4-4c40-a621-f4bd3cb74935', 'fe2bbc80-f561-48e8-96ea-4586e682fbd0', 'image', 'cloudflare_images', '994835c9-51e3-4551-cc1c-7beb95a31900', 'https://imagedelivery.net/uusH4IRLf6yhlCMhPld_6A/994835c9-51e3-4551-cc1c-7beb95a31900/public', 'public', '8d3186ce-f04b-4178-ba31-f9f47b923805', 0, '2025-09-28 01:26:34.768'),
('e38f1cf2-46b2-4e28-af2e-eac5f7226524', 'fe2bbc80-f561-48e8-96ea-4586e682fbd0', 'image', 'cloudflare_images', '7e88a5c1-bae2-49bc-5c61-ce6d2f3e2400', 'https://imagedelivery.net/uusH4IRLf6yhlCMhPld_6A/7e88a5c1-bae2-49bc-5c61-ce6d2f3e2400/thumbnail', 'thumbnail', '8d3186ce-f04b-4178-ba31-f9f47b923805', 2, '2025-09-28 01:26:34.768'),
('eb93710e-dd8b-43a1-9962-90a07534687a', 'fe2bbc80-f561-48e8-96ea-4586e682fbd0', 'image', 'cloudflare_images', 'ef53acfc-cadd-44f0-da9b-abbd68033800', 'https://imagedelivery.net/uusH4IRLf6yhlCMhPld_6A/ef53acfc-cadd-44f0-da9b-abbd68033800/cover', 'cover', '87d9c3ab-0bbc-40b3-89af-4bb41cb5892b', 2, '2025-09-29 22:49:35.419'),
('f96039b8-e9ae-457c-94d0-26cb86f36850', 'fe2bbc80-f561-48e8-96ea-4586e682fbd0', 'image', 'cloudflare_images', '0de50321-f008-4729-eb88-1db06b470e00', 'https://imagedelivery.net/uusH4IRLf6yhlCMhPld_6A/0de50321-f008-4729-eb88-1db06b470e00/profileThumbnail', 'profileThumbnail', '87d9c3ab-0bbc-40b3-89af-4bb41cb5892b', 1, '2025-09-29 22:44:40.684');

-- 9. FAVORITES
INSERT INTO "Favorite" (user_id, service_id, created_at) VALUES
('9d8dd6cd-9344-449e-bd5c-b582bc87a6b7', '1c609e03-64eb-4306-948d-4d28e73ab50a', '2025-10-29 21:39:18.493'),
('9d8dd6cd-9344-449e-bd5c-b582bc87a6b7', '66cc01a2-eef9-4eb1-a8e2-c7dfcc198e52', '2025-10-29 16:13:53.217');

-- 10. BOOK SERVICES
INSERT INTO "BookService" (id, service_id, service_name, user_id, date_time, address, comments, responsible_name, phone_number, status, created_at, updated_at) VALUES
('9223a318-923d-4870-895b-aa8d46248bdc', '1c609e03-64eb-4306-948d-4d28e73ab50d', 'Servicio 05', 'fe2bbc80-f561-48e8-96ea-4586e682fbd0', '2025-10-31 12:38:53.076', 'Dirección', 'Comentario rápido', 'Alberto', '650555121', 'cancelled', '2025-10-31 00:39:34.141', '2025-10-31 00:40:22.289'),
('c2a6fa3f-e104-477a-9ac2-9e41ab24933a', '1c609e03-64eb-4306-948d-4d28e73ab50c', 'Servicio 01', '9d8dd6cd-9344-449e-bd5c-b582bc87a6b7', '2025-09-28 13:00:06.053', 'Dirección del servicio', 'Comentario de petición', 'Juan', '6505551236', 'completed', '2025-09-28 01:35:52.808', '2025-10-31 00:43:05.519');